cid,text,time,author,channel,votes,photo,heart
UgzZvoXFzsVTaI2tCrF4AaABAg,This is üî•.,2 days ago,Jordan Gates,UCrMJx6azCqJEyTEGbQRKNyQ,0,https://yt3.ggpht.com/ytc/AKedOLS57CG11XvauTgnPQDndcLVAdzLSL54DbztSA=s176-c-k-c0x00ffffff-no-rj,0.0
UgwrfP92tCT7IqKHMIJ4AaABAg,"I came here from a minecraft tiktok video...
Now I'm obsessed by this masterpiece ü•∞",11 days ago,Yannick Wictor,UCy_wauuZ8PBta2oSya18ISw,0,https://yt3.ggpht.com/ytc/AKedOLS6LgnoOmnaxEIWfZ5h47AF-0H8hGbiPl24FA7P7A=s176-c-k-c0x00ffffff-no-rj,0.0
UgwB3LpU4fjOtHTGD1B4AaABAg,Bu m√ºziƒüi dinliyorsan m√ºzik zevkin zaten tartƒ±≈üƒ±lmaz,2 weeks ago,Behl√ºl Haznedaroƒülu,UCYeNnrz6myW3wXqnE7-PTPQ,0,https://yt3.ggpht.com/ik-tPx0np5jV5fdHLHOpQFaTDXotSz3Pa7hABSF9AraAxycF2LUrcbZwpnVgrcd_Ty60qUakUQ=s176-c-k-c0x00ffffff-no-rj,0.0
UgwJYsBz8exm4zlvYp14AaABAg,So Beautiful transcends music,2 weeks ago,Wolshanze1944,UCjs_cDV9rfFNegf6G39ycRw,0,https://yt3.ggpht.com/ytc/AKedOLRgEZQalDSDkob2Q61vcbwuyQqIq3mOWik3iCHk=s176-c-k-c0x00ffffff-no-rj,0.0
UgwEakzdUE1Kd4jTloV4AaABAg,Beyond music !,1 month ago,Wolshanze1944,UCjs_cDV9rfFNegf6G39ycRw,0,https://yt3.ggpht.com/ytc/AKedOLRgEZQalDSDkob2Q61vcbwuyQqIq3mOWik3iCHk=s176-c-k-c0x00ffffff-no-rj,0.0
UgxuXfIERizoLdYVX7V4AaABAg,"I travel in a restful space of time, I feel good, relaxed, everything is fine. Thanks M83.",1 month ago,The Stryker,UCRDVJ6sQWoclLhscQrA4q8Q,0,https://yt3.ggpht.com/ytc/AKedOLQHpLfE1laWMn4GV0nfoENBvay37u840z4SR9-pUA=s176-c-k-c0x00ffffff-no-rj,0.0
UgwE-N23GXmXPPR1nnN4AaABAg,Is the melody from Scarface?,1 month ago,Pravda Highschool,UCnLungAC1c73pR1OKRFICHw,0,https://yt3.ggpht.com/ytc/AKedOLSCyCu0Yec_44bJz63KALWRJ6CZIpBu_XCNgBkq4g=s176-c-k-c0x00ffffff-no-rj,0.0
UgzsGU4sjxoMbF7TQxp4AaABAg,It kinda gives me euphoria vibes,2 months ago,Stella 25,UC5Zz-pa9ky-AoKowoMcx_dw,0,https://yt3.ggpht.com/ytc/AKedOLQTiD5k1X-TY7UEFebdM0f0frXbR4cEdKHgPxuEhQ=s176-c-k-c0x00ffffff-no-rj,0.0
UgzawzKUiwQHitBTJxF4AaABAg,Go up more are good do not stop going up because it looks that they withdrew,2 months ago,brasiliano,UC_Ah-tHa46R6wD0jqzHzatw,2,https://yt3.ggpht.com/CWB6PfWYg3JcpKiI-Hf1SIbG1B-WRBXcY66XoIpKmp9hJLok1P0VDXBm3pFVV_hRd6Qi2I4F=s176-c-k-c0x00ffffff-no-rj,0.0
Ugx0lnvgUneAUKmisT94AaABAg,The feelsman üò£,2 months ago,Wadud Khan,UCqDk1uTXmnne9Oqwd-yxR4g,0,https://yt3.ggpht.com/ytc/AKedOLR2zLZ0mNFkXqfV1bcjmkYilYYE9ni46d9OOSrgLw=s176-c-k-c0x00ffffff-no-rj,0.0
UgxsH1UJT8t3wL4bYyl4AaABAg,hi,2 months ago,icesniper5,UCAOLrTTerEKmewdQiyeBfrw,0,https://yt3.ggpht.com/TJzF7Kzrk-7E2k_BRJy7AlAq7go7s3gOcnA-OYbvP-XTclh9tkVhJT22scgLga-d95KkK--jT_0=s176-c-k-c0x00ffffff-no-rj,0.0
UgxI7tazn09-5LFqW0h4AaABAg,ü¶¶,3 months ago,FrostBite,UCuRiwb1YTicNOZMMEuuORlQ,0,https://yt3.ggpht.com/ytc/AKedOLTrVZd_2S6kz7pAinmA3_bmCZ06s5zaheilV5fYPg=s176-c-k-c0x00ffffff-no-rj,0.0
UgwYAVjdxAM-YCCFrxJ4AaABAg,m83 is the best,3 months ago,jupiter,UCK-Dl5-ZLOjvwhy_Uq4xORw,0,https://yt3.ggpht.com/XJmmMmyO0S6JA0O6rQh50IPtPEXzN9ugrHYyM9Ple-JJxBs8bIoK3XsdQTB9CNFvIHNBO-Sl=s176-c-k-c0x00ffffff-no-rj,0.0
UgwoxAaxE5OOIGRcUD14AaABAg,"This song makes me want to eat cereal 24/7, I just rly like cereal tho",3 months ago,Chris&Chris,UCQ_nycM6rD3WSgWCvahV6tw,0,https://yt3.ggpht.com/ytc/AKedOLRjxS9u0H7m4a418cLctCPCN_4ctmWejPzAnRuv=s176-c-k-c0x00ffffff-no-rj,0.0
UgyzXdDRPiIPG4d3Y6N4AaABAg,"Beautiful, reincarnation ,of Space",3 months ago (edited),Alexandr Surin,UClSqfZXWFAiVGeIgsf_cJHA,1,https://yt3.ggpht.com/ytc/AKedOLS42ziF0QpZyuNU3eZ_zthDr-igjRO2i8Bc3Q=s176-c-k-c0x00ffffff-no-rj,0.0
UgxG4M-b4VYZd3o3My94AaABAg,the maze runner,3 months ago,mateea cosma,UCR7FMgRLBEDEVBEbEvZlI6Q,0,https://yt3.ggpht.com/AdLm9vZ7l3_em1LksXhbrrAni3fXgU8JHN7I49T_GYkHR-YUY5Qsrc93IcAA5BZwC0rF7xyl=s176-c-k-c0x00ffffff-no-rj,0.0
Ugz6YjXOyZMDqHwPbhJ4AaABAg,Pure M83 xxx,3 months ago,JJ Ward,UCfCx5g-L5snT55saMCaZiAQ,1,https://yt3.ggpht.com/ytc/AKedOLSOfijr728SK5_pEAXLU1DsJwf_VT8-GxLzr2Ez2g=s176-c-k-c0x00ffffff-no-rj,0.0
UgyhkiCioKuPEHEAApx4AaABAg,The background sounds like scarface song,3 months ago,Santiago Salom,UCNRMrHb4DXGKh4jB1KD_uPw,0,https://yt3.ggpht.com/ytc/AKedOLQyGrSigjQmjVlaL39C42hShsATlFGuc1isByoKvw=s176-c-k-c0x00ffffff-no-rj,0.0
UgyeWya-MYHNGTsKFPN4AaABAg,"can somone point me to more songs with this kind of build? i remember as a kid playing wow wow ""dubstep"" at the time and my favorite sound was that and i cant find anything.",4 months ago,GimmeDa Noot,UC-MWfxbI34i7Uy5GUGtzKOQ,1,https://yt3.ggpht.com/ytc/AKedOLQ6jMvByxd-w9L_tuuqfADmOan5_kU7KGVA11rn=s176-c-k-c0x00ffffff-no-rj,0.0
UgxzMQLQCNHz3uGsiJx4AaABAg,"–ì–æ—Å–ø–æ–¥–∏, –±—É–¥—å –ª–∞—Å–∫–∞, –¥–æ–¥–∞–π —Ä–æ–∑—É–º—É –ª—é–±–∏—Ç–µ–ª—è–º –ø–æ–ø—É–ª—ñ—Å—Ç—ñ–≤, —â–æ–±–∏ —Å–∞–º—ñ –º–∞–ª–∏ —Ä–æ–∑—É–º —Ä–æ–∑—ñ–±—Ä–∞—Ç–∏—Å—è –≤ —Ç–æ–º—É, —â–æ –≤—ñ–¥–±—É–≤–∞—î—Ç—å—Å—è –≤ —Ç–æ–º—É –æ–±–µ—Å—Ç—ñ, –¥–µ –∂–∏–≤—É—Ç—å —Å–∞–º–∏.",4 months ago,zOVENz PC,UCDscoo6FHxzMbD1mnNVQGhw,0,https://yt3.ggpht.com/ytc/AKedOLSlDlkSgJP9LghFJQtLhAnVnVtqKJ5_TRlxQrfz0Q=s176-c-k-c0x00ffffff-no-rj,0.0
UgxzMQLQCNHz3uGsiJx4AaABAg.9RioZMZRucZ9SjJQ-YIvLi,"–ñ–µ–Ω—ñ—Ç—å –ø–æ–ø—É–ª—ñ—Å—Ç—ñ–≤ –≥–µ—Ç—å, –Ñ–≤—Ä–æ–ø–∞!!! –ú–∏ –≤–∂–µ –¥—É–∂–µ –Ω–∞–≤—á–∏–ª–∏—Å—è –≤ –£–∫—Ä–∞—ó–Ω—ñ!!! –ó–µ–ª–µ–Ω—Å—å–∫–∏–π\–Ñ—Ä–º–∞–∫\–ö–æ–ª–æ–º–æ–π—Å—å–∫–∏–π - —Ü–µ –≤–æ—Ä, –∫—Ä–∞–¥—ñ–π!!! –î–∞—é –∑–µ–ª–µ–Ω—É –∫–∞—Ä—Ç—É –Ω–∞ –ª—ñ–∫–≤—ñ–¥–∞—Ü—ñ—é –±—É–¥—å-–∫–æ–≥–æ –∑ —Ü–∏—Ö –ø–æ–∫–∏–¥—å–∫—ñ–≤!!! –í–æ–Ω–∏ - –∑–≥–∞–Ω—å–±–∏–ª–∏ —á–µ—Å—Ç—å —ñ —Å–ª–∞–≤—É –º–æ—î—ó –¥–µ—Ä–∂–∞–≤–∏ –£–∫—Ä–∞—ó–Ω–∞!!!",3 months ago (edited),zOVENz PC,UCDscoo6FHxzMbD1mnNVQGhw,0,https://yt3.ggpht.com/ytc/AKedOLSlDlkSgJP9LghFJQtLhAnVnVtqKJ5_TRlxQrfz0Q=s176-c-k-c0x00ffffff-no-rj,0.0
UgwR6mZQJulNEhgiPU14AaABAg,Leaving reality behind when in meanwhile time passes by and life evolves,4 months ago (edited),hayik06,UCWsk-mBq5lQjo8aGniG7h2Q,2,https://yt3.ggpht.com/ytc/AKedOLSUhmRE1yurD-_R0yNeqYnvZCNTuYLLRXVOK2Uz3Q=s176-c-k-c0x00ffffff-no-rj,0.0
UgxL6xdjinNykffA0XB4AaABAg,This song would go perfect in blade runner,4 months ago,Sean Whalen,UCqUII_ieOH2kJ_9MBhyuTmA,0,https://yt3.ggpht.com/ytc/AKedOLT4k0CvL0DHyQnbtLUYFI6ZKMZUts1V-_oPHg=s176-c-k-c0x00ffffff-no-rj,0.0
UgxQ0e4nisHDfVR86Y14AaABAg,Llevo como 11 meses escuchando esto y es muy viciosa y rara misteriosa y eso me encanta,4 months ago,Lautaro Milano,UCsnn-KAtsLagBKl4hdMPXpw,0,https://yt3.ggpht.com/p7dLSh76UpvMQST7vHO0AJ2LrfcqEGODGf1y34nCjOtx0ewEAyEwImoyxBZMJxfXe4YZsZyA7FY=s176-c-k-c0x00ffffff-no-rj,0.0
UgwlpiNU-sW26Bv-8El4AaABAg,Uff,4 months ago,Jaime Rodr√≠guez,UCszpDS70P2Q0Zg1uYmLNF-w,0,https://yt3.ggpht.com/ytc/AKedOLT0h4S8uXwzR6ka8__1B3uIBqdPJuCLOg2offKR8Q=s176-c-k-c0x00ffffff-no-rj,0.0
UgwbybZIX_yh2gX-ARl4AaABAg,<3,4 months ago,Leopold Zacherl,UCoAtaHJ4GWK2y5UQY2KyL6Q,3,https://yt3.ggpht.com/ytc/AKedOLRBGkf5bdajK1-BDmnIXqwM1CEplyc9pYC9uPYINw=s176-c-k-c0x00ffffff-no-rj,0.0
Ugy_0RKphNHfo9iFz_J4AaABAg,"This song reminds me of a guy traveling during dark hours alone by train, waiting in stations, hopping from one train to another, mixing with crowds or standing alone, the only light he's seeing is artificial light from the station or the passing train wagons, nothing else.
It's cold outside, he has a long jacket and his leather suitcase.",4 months ago,Stallacktit,UCuWnbOFQDmNgTFhoPfw0v7w,0,https://yt3.ggpht.com/ytc/AKedOLSDeGgskzxP0Yq7c1Vv47GD3AA-vmmd9JH7z2GE=s176-c-k-c0x00ffffff-no-rj,0.0
UgydNT5CC3a5KLr2Ju14AaABAg,"Well, it‚Äôs good. In a way. Impressive. Why no one mentioned the underlying sound of ‚Äûcold song‚Äú by Purcell? You‚Äôd love this in case you didn‚Äôt know it: https://youtu.be/Uf6ViwumljY",4 months ago,Misia Mistrani,UCCsPdql-N7zL_ups0MLsVPw,0,https://yt3.ggpht.com/ytc/AKedOLTNEPSauQFR6pNih-XDNx144tBe9I6mhKW7Dmz-=s176-c-k-c0x00ffffff-no-rj,0.0
Ugw3iSG8sZznWo7I9494AaABAg,Un groupe fran√ßais ?,4 months ago,lesnake59,UCSf2Ji66BgLkVVrtUAJyKhw,0,https://yt3.ggpht.com/ytc/AKedOLRGX2TG2tEYakNV_jgF9yCKYC9NsymuvG5jWTp2Fw=s176-c-k-c0x00ffffff-no-rj,0.0
UgxvMf9p6Wxsc-02i8d4AaABAg,Solitude,4 months ago,Cornelius,UCY3lNeOm-JB3iwndAzxQbBQ,1,https://yt3.ggpht.com/ytc/AKedOLSX4ZvlBJAQk82jdi0JajNuUACZrF5hqECpjPvY=s176-c-k-c0x00ffffff-no-rj,0.0
UgzVy-KFUGhYGKBHlIx4AaABAg,feels like a techno set in the jungle,4 months ago,xnsesss,UCK7UR3DH34jHkl2up-t96Yw,0,https://yt3.ggpht.com/ytc/AKedOLQjGcVkC0tL4OT2FLKOO489mmcquYuO5SZK453F_Q=s176-c-k-c0x00ffffff-no-rj,0.0
UgzdX9L0I96fW5Wrrxx4AaABAg,Me enamor√© de esta canci√≥n lit,4 months ago,Victoria Cattaneo,UCbxR6BLBgcgM7TLcCGw1Trg,4,https://yt3.ggpht.com/ytc/AKedOLQWc7NdbYa8bvRpoXCLLYaLZaAwisLxdSjyzg=s176-c-k-c0x00ffffff-no-rj,0.0
Ugw8sDkCGvc3wbK-w_x4AaABAg,"hummmmmmmmmmmmmmmmm mais que c'est bon !! les basses sont tellement puissantes, la voix tellement douce, les harmonies subtiles...superbe remix",4 months ago,isabelle isra√´l,UCuawm83AQKrNO622ElG1kug,0,https://yt3.ggpht.com/ytc/AKedOLQ2HXRONv1jIo87nz6f8X8-ywC06xGUx5nhU-xZWA=s176-c-k-c0x00ffffff-no-rj,0.0
UgxHAzzXTSF1sd9pQqJ4AaABAg,Instagram travel reels got me here  üçÇ‚ù§Ô∏è‚ù§Ô∏è,4 months ago,Ruban,UCahdK3EI7Y7QRdFi3eFEXiA,0,https://yt3.ggpht.com/ytc/AKedOLRFGMKJrnQOsY_c2F3qvtTY6OukZmlunWoX6AM9gw=s176-c-k-c0x00ffffff-no-rj,0.0
UgwYTzZanIY-1TzVrtB4AaABAg,"This is my ""drugs"" of late... my medicine <3 
Danke",5 months ago,BoogieManSince1977,UC-AJitFQkl3Zwl-ExDnLXkw,0,https://yt3.ggpht.com/ytc/AKedOLRHffK9I0Ma2oFP7TMYIyxNxjn3B70w8SwPLKuDdg=s176-c-k-c0x00ffffff-no-rj,0.0
Ugyxxb_2yKUhbcICFF54AaABAg,Perturbadoramente hermosa,5 months ago,leidy leiton,UC7cIa0DtF8qa1XhahRz6VKg,0,https://yt3.ggpht.com/ytc/AKedOLQd0YdRjG4c2fBSrE2-JEMg1HbBWa57J5YYkj9YXg=s176-c-k-c0x00ffffff-no-rj,0.0
Ugxbtb4ECEBDpahlWQ14AaABAg,anyone else here from that amazing minecraft video on tiktok?,5 months ago,kalopsicc,UCPDi_bk-FTWLXylN53Vd_4A,0,https://yt3.ggpht.com/YyiRpiqss3FbsJY3_dvC75UXVRVxvGkkCNqj-AVDZGOL0FiX9_CEurPzyZqvzdAxPA006atlqg=s176-c-k-c0x00ffffff-no-rj,0.0
UgzOpr3sNgLMawW47eh4AaABAg,feels like either you're an astronaut floating in space or you're in a dystopian/futuristic city to me,5 months ago,chrolo_ form,UCy1PGsOS_XfTmXbWPmQbkGQ,0,https://yt3.ggpht.com/pP5mO5ilmKPp1srt4g4szUj88-aHXn9uRS4hY7pR8_diSrBy-5IpWrgp0v9hv-Me04YtKeL5Sg=s176-c-k-c0x00ffffff-no-rj,0.0
UgyLvmFYNKxA8xFHuWN4AaABAg,RAW ORGAN + BASS = Goosebumps,5 months ago,Jose Mourinho,UCpyRJD6uvuxgcSGaFfGFuOQ,0,https://yt3.ggpht.com/ytc/AKedOLQOTw0WVN_B7YnRw4u9VK_kT1bKFbvejUVLAA=s176-c-k-c0x00ffffff-no-rj,0.0
UgxfvDJDNB_3VZYUedt4AaABAg,S O U. C H I L L  V I B E S,5 months ago,Pico Fumao YT,UCEDWeT7Nlp-ZaUvUi1e3ffQ,0,https://yt3.ggpht.com/7gifbypcmUlrkOGZpJ9elYxp7qwiZM1sddXg_LYFkl4XEf5b9byqBWpaSuGotb5hdwWPCG-r-w=s176-c-k-c0x00ffffff-no-rj,0.0
UgylPD-4mX6uqypCbvl4AaABAg,"It's raining here in Mumbai.... With thunderstorm and raindrops, this Synth mesmerizes overall experience ‚ù£Ô∏è",5 months ago,Gaurav Shelke,UCV2LzOj0qjO5J1e9RQFFTdQ,0,https://yt3.ggpht.com/ytc/AKedOLTEn4SxpsRWqowJc7vNNgCFbPXq-Fj7w6cuY8NfeA=s176-c-k-c0x00ffffff-no-rj,0.0
UgwR6mZQJulNEhgiPU14AaABAg.9RiMZYPfW9U9S3nKR8V_32,Yes,3 months ago,Platypus,UCWeVIyoc-JlySpONaSUnxIA,0,https://yt3.ggpht.com/ytc/AKedOLRP7SgTQCTu1AdRn-UeA5DRrPGcWmlA9dE-lSBJ3w=s176-c-k-c0x00ffffff-no-rj,0.0
UgzdX9L0I96fW5Wrrxx4AaABAg.9RDAufmaYf29RgIcztSMl_,See,4 months ago,Lautaro Milano,UCsnn-KAtsLagBKl4hdMPXpw,1,https://yt3.ggpht.com/p7dLSh76UpvMQST7vHO0AJ2LrfcqEGODGf1y34nCjOtx0ewEAyEwImoyxBZMJxfXe4YZsZyA7FY=s176-c-k-c0x00ffffff-no-rj,0.0
UgxD93IJ56GI8-PHfB94AaABAg,This song so peaceful it made me fall asleep,5 months ago,Le√≥,UCavpwSxLrZKZX547aTE_VGA,0,https://yt3.ggpht.com/ytc/AKedOLSuYc5weJbxyJvEq8ZCNi3MzACx67B65SlKiFoJuw=s176-c-k-c0x00ffffff-no-rj,0.0
UgwC6CdGvrKHaZW7XFd4AaABAg,ü§§‚ù§Ô∏èAmazing,6 months ago,Diego Alves,UC3M4OW8ieOkdh5j7A1P2ZEQ,1,https://yt3.ggpht.com/f-Cuknr_3d77DZeB2l1pedEwjmCqqASAXredAg4-Va8gKNgNiyxCtiegzls30IdEtCIMKj1kRQ=s176-c-k-c0x00ffffff-no-rj,0.0
Ugw84gsrypyk5oyBQB54AaABAg,üëΩ,6 months ago,Diego Alves,UC3M4OW8ieOkdh5j7A1P2ZEQ,1,https://yt3.ggpht.com/f-Cuknr_3d77DZeB2l1pedEwjmCqqASAXredAg4-Va8gKNgNiyxCtiegzls30IdEtCIMKj1kRQ=s176-c-k-c0x00ffffff-no-rj,0.0
UgxkIJwLTH-V_kgxnzl4AaABAg,This makes me remember a memory that was never made,6 months ago,‚ô°Dead_Butterfly‚ô°,UCeSBcJ_yM_bRlc_syPunK-g,2,https://yt3.ggpht.com/W8U2nkaflND7EC0VlK4MfsCYvd8QlMuW4wGs_2Sqj1jyPQVX4BZ47l4Ql7zgd5i9-PXcAU7PlA=s176-c-k-c0x00ffffff-no-rj,0.0
Ugy4aMzostz5fTA2ZYh4AaABAg,"I was listening to this song recently on my way to work and all I could think of is how damn great this version is. This vibe is just so chilling, but so intense at the same time",6 months ago,Victor Rocha,UCbEMRINTQdwgUf1265VkGTA,15,https://yt3.ggpht.com/gu40U0WfVU5MmoPRVVW9hYnbHOVJKUr45a2-syq213hIZK2WRa4G3NaExALA2ZlWwfSM-bHiQQ=s176-c-k-c0x00ffffff-no-rj,0.0
UgzSzgnpnQxe2_PAFMl4AaABAg,Scarface - ‚ÄúThe World Is Yours‚Äù but even more badass,6 months ago,Joel Robles,UCLpeL4xBlxrXRronDYqkDJg,1,https://yt3.ggpht.com/ytc/AKedOLTpo4-a2LzJq_sDvKoUnXT5EoGsyRQ4dd0tdg=s176-c-k-c0x00ffffff-no-rj,0.0
UgwwuSuL9OIfazaYY_d4AaABAg,BRING BACK MIDNIGHT CITY PLS!!!!üëåüëÅüëÑüëÅü§ô,6 months ago,RiceAndSoda,UCNy9oGyfGV4TiwQHtV96AeA,0,https://yt3.ggpht.com/e4M11GVbitsRyCKjcmhQUBh3rWAryE1rRXfBB8yGy1MSDfclkBQ-HxttwFNW5kZv9NSTsR_5kQ=s176-c-k-c0x00ffffff-no-rj,0.0
UgxgQoYQ31480bcgdDZ4AaABAg,2021,6 months ago,M√£Rc√∂ mertenz,UCrvdzvXM-RUDV8aB0I5iwYg,0,https://yt3.ggpht.com/ytc/AKedOLRAc-L48ZwtF8v-6bwwMiOWeo3PgGyofpfXyA=s176-c-k-c0x00ffffff-no-rj,0.0
Ugx862bYXKrVDKfCH5p4AaABAg,Musicas de outro planeta. Incr√≠vel,6 months ago,Gidel Chaves,UCfOqvV0rmBfWPIaXIV2SvlQ,6,https://yt3.ggpht.com/ytc/AKedOLQAfDk_8RYAwky7UC2bMdWGSmul1J4WRCHpi4476w=s176-c-k-c0x00ffffff-no-rj,0.0
UgzZd5HWNNy5LAbjvq14AaABAg,"Est√° canci√≥n yo la escuchaba  cu√°ndo me enter√© que mi ex novio me enga√±aba. 
Lloraba todos los d√≠as con est√° canci√≥n, sintiendo c√≥mo mi mundo se ca√≠a a pedazos.
Ya a pasado un a√±o, me dio depresi√≥n, ansiedad en niveles muy cr√≥nicos. Y ahora me doy cuenta qu√© soy m√°s fuerte gracias a todo ese sufrimiento vivido. Est√° canci√≥n me recuerda mi lucha.",7 months ago,Dana Vidal,UCMeTmL4DBvbgYl67SvV0rgg,1,https://yt3.ggpht.com/ytc/AKedOLRlkXRoE-zdWBWjj3v2S03KGzd22_Ky7Y0JrOrBQQ=s176-c-k-c0x00ffffff-no-rj,0.0
UgzXQ2ldwnq5fZmAAiF4AaABAg,I searched for this song ‚ù§Ô∏è,7 months ago,Parzival,UCPyikCRdktYWrHety8TrRUQ,0,https://yt3.ggpht.com/_hTaPDIosOGvv-vdNPgsQkgEiMSPKrrwCKFJz45uqaHhQNeEj_QDYtNzEKLTB0urcAbyDKpl=s176-c-k-c0x00ffffff-no-rj,0.0
UgxuYfIVwixiYX0od3d4AaABAg,Great musician,7 months ago,Naked-Art Radio,UCFvRPd5ucyNM4BFAPFN_CAQ,0,https://yt3.ggpht.com/ytc/AKedOLSQwmEpdbmh3KWaWcGWa1Zk9wxuPae-JbXhxwPV=s176-c-k-c0x00ffffff-no-rj,0.0
UgzFjB-N23Kfl0b6r514AaABAg,"pleasee dont stop make musik

this musik really really aestetick love it",7 months ago,INFO GP21,UCv4Jv9MuJWsHXjc7mhe6UAQ,1,https://yt3.ggpht.com/eBu-I1S_r9TJ1r3t2_bXT_DerFZfEw9gXA__q50efQyNwd_Djt2sn0JWz9-Gtk29hK1Fk24GFlk=s176-c-k-c0x00ffffff-no-rj,0.0
UgxpLW01JRrksS8YSZR4AaABAg,Excelente!!,7 months ago,christ lov,UCPFWDVK3qO8kynzx2YvjiLA,0,https://yt3.ggpht.com/ytc/AKedOLQLQYdnBUeNxicXkeu0mdWV2Y8PoVKIdRQ4dB4z7uo=s176-c-k-c0x00ffffff-no-rj,0.0
UgyPgsez5eid48bwhYl4AaABAg,This song makes me feel like walking in a city after the fall of humanity and there is nothing left in the world,7 months ago,my gaming logic,UCcM1NIm5EHLdJ8tIOE0-Qfw,0,https://yt3.ggpht.com/ytc/AKedOLS98qBRsSv_PDqdQRVEmj5YLe8z6GAmDedUz5d--A=s176-c-k-c0x00ffffff-no-rj,0.0
Ugwb3wN63vc2TJ7_Cpl4AaABAg,‚ù§Ô∏è,7 months ago,Jhuel Dual Ticona Luque,UCbNts8_fm14H4s6OJipuAZg,0,https://yt3.ggpht.com/ytc/AKedOLSWgMvQjadRthhcEhCP1ek2sWLw8QwcHB_jcjYiBQ=s176-c-k-c0x00ffffff-no-rj,0.0
Ugye6lySdSABHR3lY6N4AaABAg,"–í—Å–µ–≥–¥–∞ –ø–æ–¥–æ–∑—Ä–µ–≤–∞–ª , —á—Ç–æ –±—ã –∏–Ω–æ–ø–ª–∞–Ω–µ—Ç—è–Ω–µ. 
–ú—É–∑—ã–∫–∞ —Å—É–ø–µ—Ä.  –í —Ü–µ–Ω—Ç—Ä –¥—É—à–∏.",7 months ago,Alexander A,UCZSmaianHvZ8rVFix6PXf2Q,0,https://yt3.ggpht.com/ytc/AKedOLSoPUfQ4qBEPVNCWuVoh49e2wQHtyY1Bk3jnWnKXA=s176-c-k-c0x00ffffff-no-rj,0.0
Ugyd1Gs5rutHX2iGsRR4AaABAg,Great one!,7 months ago,Poetnsen,UCGNe4EEv0bLxnaNRsbmBYyw,1,https://yt3.ggpht.com/ytc/AKedOLQg_8rO-s-E7xY5paksP7JPyzKGn6Lgo68sWC8-DA=s176-c-k-c0x00ffffff-no-rj,0.0
Ugwn3bznQOmRJJt2q5V4AaABAg,@2:08....here we go boys and girls.........,8 months ago,I know you‚Äôre Right,UC8N5jPOpVwh6rCgHoDUE54A,0,https://yt3.ggpht.com/ytc/AKedOLTkBudcW72FC6WoQuRHmr_rrBbdO9a2ISr2_A=s176-c-k-c0x00ffffff-no-rj,0.0
Ugw8wzs0bQYRd2jGEN94AaABAg,Midnight sity the best.,8 months ago,Funny Valentine,UCp7HIV0ivM3xNioyYEgnUyQ,0,https://yt3.ggpht.com/ytc/AKedOLTUcKjyQClIRRyiE1T-3hPCr9ycpQYqlgnKfoDPOg=s176-c-k-c0x00ffffff-no-rj,0.0
UgzSzgnpnQxe2_PAFMl4AaABAg.9O_9KuQnfOY9QAwS7XNM4O,Dude i though the same listening those synth chords. Awesome.,5 months ago,Jose Mourinho,UCpyRJD6uvuxgcSGaFfGFuOQ,0,https://yt3.ggpht.com/ytc/AKedOLQOTw0WVN_B7YnRw4u9VK_kT1bKFbvejUVLAA=s176-c-k-c0x00ffffff-no-rj,0.0
UgzwpGuNOkTXLBWduP14AaABAg,He's back! Finally some new playlist spots!!!,8 months ago (edited),LeoNegrete84,UC2m4-6y_VzcMG06xd7KbmXQ,0,https://yt3.ggpht.com/ytc/AKedOLRo5xngGH-zopvV7U7QD0UiFt5KqwyDAF2g5g=s176-c-k-c0x00ffffff-no-rj,0.0
Ugwld483Wo9iGm9aXit4AaABAg,This song makes me dream of a person in a abandoned city walking to a destination and it‚Äôs past 6pm and it‚Äôs about to rain,8 months ago,ZERO,UClCZN66L2cz7PZDpKgnq4VQ,164,https://yt3.ggpht.com/ytc/AKedOLRLVQ0cL5ThRIyQjHklxEAHznZZYFdeTXoPRvjw=s176-c-k-c0x00ffffff-no-rj,0.0
UgzxWyH7BWbonHvFk714AaABAg,"W da f*** r comments turned off 4 ""waking up"" ?!!!!!!!!!!! Turn it on very very please, friends.",8 months ago,swampfIower,UC_8_OmsY5d425K2z4mY53dw,0,https://yt3.ggpht.com/ytc/AKedOLSjECcN4jjNU0whGm5PFP1TNRIgMUlcmO3j7PIVgA=s176-c-k-c0x00ffffff-no-rj,0.0
UgwoFhbgCM9vxm3AwnJ4AaABAg,My fav childhood singer,8 months ago,Solo,UCTd4ZnibpzIVUBRux1sp4Kg,0,https://yt3.ggpht.com/ytc/AKedOLQUbgMkzow4y5Dc4X_AmzV1bENZ3GINwaUD8w=s176-c-k-c0x00ffffff-no-rj,0.0
UgyE89-_m6LB3WhhoKt4AaABAg,Has me trippin lol,8 months ago,Keaton Mike,UCIoG2Rs9fPeJwexpVacqAoQ,0,https://yt3.ggpht.com/ytc/AKedOLRE_pGjsweuzmM1I7XTfcakzhyqVg58WoilqnlS=s176-c-k-c0x00ffffff-no-rj,0.0
UgwRmFbJCwMjnbkgCz94AaABAg,These sounds are deep! Pure delight,8 months ago,Master GF,UCEYPVwpu9H_rc6gKMYB4fZw,0,https://yt3.ggpht.com/ytc/AKedOLTtXfRm0kpbLnBdPcr4e-Bd24RfLrUkpJBdg3UAyRo=s176-c-k-c0x00ffffff-no-rj,0.0
Ugz3Mf7l7xew9yUSFtx4AaABAg,"turn da comments on 4 ""Waking up""  ""m*****"", please :),  jeeez !!!!!!!!",8 months ago,swampfIower,UC_8_OmsY5d425K2z4mY53dw,0,https://yt3.ggpht.com/ytc/AKedOLSjECcN4jjNU0whGm5PFP1TNRIgMUlcmO3j7PIVgA=s176-c-k-c0x00ffffff-no-rj,0.0
UgwQg4KHJ4dxp3hwkoB4AaABAg,The introduction music to Scarface if it was filmed in France¬∞  [Love it] ¬∞,8 months ago (edited),Common Sense Made Simple,UC11G7rbLqN6dtSHcpKNnIoQ,0,https://yt3.ggpht.com/ytc/AKedOLTdv6bkRYo5yMIDvOE0wPfZLMAlQ8YE1A3V2m_1Bg=s176-c-k-c0x00ffffff-no-rj,0.0
UgyDdC921vTUgA-rhQJ4AaABAg,what a beautiful production..!,8 months ago,shankar sharma,UCsNT9xGp4ejLBc6DKYJOrkg,0,https://yt3.ggpht.com/ytc/AKedOLSou4Ue-DN48oSvqBspD_GpU1Uv-vC8vFQNaT4uFA=s176-c-k-c0x00ffffff-no-rj,0.0
UgwByj3Zx2Ubv-XlM0l4AaABAg,You are such a special people and talented keep going and smile you deserve the happiness love you ‚ù§Ô∏è,8 months ago,V,UCXyMCurQjU5YSnqlzEYa9hg,0,https://yt3.ggpht.com/hgqV8qulzSEQDC9-l9Tlksy7kms8SmixPTGC9dQM2ku4kEC8Z3ZHTDG5lSIdAbZFaLL2JE3HjQ=s176-c-k-c0x00ffffff-no-rj,0.0
UgzhKfzX3voamKdQqox4AaABAg,Aah Solitude and E minor,8 months ago,‚Ä¢Morgana's Account‚Ä¢,UC-yPGo1yjyjAf6JgoA9zGog,0,https://yt3.ggpht.com/AmAgsTgYr27DYKV-LpbnLKZACu4T5wd9cRJ6NqRum4k9ytY_emtUJPSnKXsSam7It35jYsyPZw=s176-c-k-c0x00ffffff-no-rj,0.0
Ugy6jLOU01wuC9W6Txt4AaABAg,parece as m√∫sicas de euphoria,8 months ago,J√∫lia Bleichevel,UCCxE6HEOWOP3SbfiFTxDs-A,0,https://yt3.ggpht.com/ytc/AKedOLT2Abeg94IACw5lHukdvM1I5M5pLN97MDDQcT6XGKE=s176-c-k-c0x00ffffff-no-rj,0.0
Ugxt3_CJbfgcmz2Cubd4AaABAg,Further validation that everything M83 touches is majestic,8 months ago,ouija__bored,UCa52ZPZ72-goHC5Ie2r9i7A,0,https://yt3.ggpht.com/8GfDyHOJTIlx2-ws4BzXKB3W5EXOvwkm2QpgKo1UVq0cXpDb6KV11IUGLFb8EgCvxsA6k-bT=s176-c-k-c0x00ffffff-no-rj,0.0
UgyP4h5gZMVpXUP90Jt4AaABAg,Flow-induced vibration,9 months ago,Aj john,UC1TCIfj9v7wiVfa_yKah0Ew,0,https://yt3.ggpht.com/ytc/AKedOLRmFptCv5V-IoaA432QEqOm3a20ED7Kv5wu7d3eHQ=s176-c-k-c0x00ffffff-no-rj,0.0
UgypYMcfUUuHPSbAsmx4AaABAg,Esta canci√≥n quedar√≠a como anillo al dedo en el fin del mundo mientras todos morimos(‚Å¥ _ ‚Å¥)‚Ä¢<>‚Ä¢,9 months ago,Cinthia fuentes,UC_AshAhg3nC09myT_OMxqCw,0,https://yt3.ggpht.com/JTnx0hrBQCOtAiAibvBpzaSKDjgZIU_uLSH5uh8wMSEVTkH6IAd9GA-FXHEn07Pz18lvZ6hxfA=s176-c-k-c0x00ffffff-no-rj,0.0
UgyDNeJwk7pWiwS3B254AaABAg,Perfect song,9 months ago,German Emanuel Garc√≠a V√°squez,UCkcpCAXD8XldccVejt37eug,0,https://yt3.ggpht.com/ytc/AKedOLRO8WZ4awfMvUTM0qL8tiz2FYARjq1EI5c_09g_=s176-c-k-c0x00ffffff-no-rj,0.0
UgxgEUvAziLM7NA6lj94AaABAg,Millones de caras,9 months ago,noel fretes,UCniqKLcmOhd4rrcUfNtSo-A,0,https://yt3.ggpht.com/Tz_yNGskoTFv9B8oyJHRindwR-uk7xpMzxdufn6MBDwFhc2NKwa8_NnxhLCd1FbtK0WW7XSUMg=s176-c-k-c0x00ffffff-no-rj,0.0
UgyQTEEn0vPs4pytDCx4AaABAg,They deserve to get to 1million,9 months ago,The comedy kings,UCqNOVoWG3NNoXPney5kFCwg,0,https://yt3.ggpht.com/1yE_4YGrUAO4Iiu46_eRqHCq4nYzMU1Aor8neFNOqUjQCZggwP4ny3WnwMD285wgNFxBM2ohWGI=s176-c-k-c0x00ffffff-no-rj,0.0
UgwOTb2v1qCNO3J3w614AaABAg,Likeee,9 months ago,MASK DUBS,UCOaRailTwCr2Xu8pNjMUTaw,0,https://yt3.ggpht.com/SsVIqNVQzEtUVFXPGQZ3RP0UEuLByUB1UI-UmnXkKsa2eZkyPOGUdTtXKMQa7aQrSeeUU_B9SA=s176-c-k-c0x00ffffff-no-rj,0.0
Ugx9xZxkELGaBnbsoTx4AaABAg,"–ì–¥–µ-—Ç–æ
–ù–∞–∑–∞–¥ –≤–æ –≤—Ä–µ–º–µ–Ω–∏
–Ø –æ—Å—Ç–∞–≤–∏–ª —á–∞—Å—Ç—å —Å–µ–±—è
–Ø —Ö–æ—á—É –ø–æ—Å–º–æ—Ç—Ä–µ—Ç—å, —Å–º–æ–∂–µ—Ç–µ –ª–∏ –≤—ã –ø–æ–ø—Ä–æ–±–æ–≤–∞—Ç—å
–ß—Ç–æ–±—ã –≤–µ—Ä–Ω—É—Ç—å –µ–≥–æ –º–Ω–µ
–¢–µ–±–µ –Ω–∞–¥–æ –∏–¥—Ç–∏
–ì–¥–µ —è –ø–ª–∞—á—É
–Ø –ø—Ä–∏–Ω–∏–º–∞—é —Å–ª–µ–∑—ã
–Ø —Ö–æ—á—É –ø–æ—Å–º–æ—Ç—Ä–µ—Ç—å, —Å–º–æ–∂–µ—Ç–µ –ª–∏ –≤—ã –ø–æ–ø—Ä–æ–±–æ–≤–∞—Ç—å
–í—ã–ø–µ–π –Ω–µ–º–Ω–æ–≥–æ
–ù–µ—Ç
–ù–µ—Ç
–ü—Ä–æ—Å—Ç–æ –Ω–µ–º–Ω–æ–≥–æ –æ–¥–∏–Ω–æ–∫–æ
–ò—Å—Ç–æ—á–Ω–∏–∫ teksty-pesenok.ru
–ì–¥–µ —è
–Ø –≤–æ–∑–≤—Ä–∞—â–∞—é—Å—å –≤–æ –≤—Ä–µ–º–µ–Ω–∏
–Ø —Ö–æ—á—É —É–≤–∏–¥–µ—Ç—å, –º–æ–∂–µ—Ç–µ –ª–∏ –≤—ã –∑–∞–º–µ—Ç–∏—Ç—å
–¢—ã –Ω–∞–∫–æ–Ω–µ—Ü —É—Å–ø–æ–∫–∞–∏–≤–∞–µ—à—å –º–æ—é –≥–æ–ª–æ–≤—É –Ω–æ—á—å—é
–¢—ã –º–Ω–µ –Ω—É–∂–µ–Ω
–ù–µ—Ç, —è –Ω–µ
–ü—Ä–æ—Å—Ç–æ –¥–µ—Ä–∂–∏ –º–µ–Ω—è –µ—â–µ —Ä–∞–∑
–ü–æ–∫–∞ —è –ø—ã—Ç–∞—é—Å—å –±—ã—Ç—å –¥—Ä—É–≥–æ–º
–¢–∞–∫ —á—Ç–æ —ç—Ç–æ –º–æ–∂–µ—Ç –±—ã—Ç—å –∫–æ–Ω–µ—Ü
–ù–µ—Ç
–ù–µ—Ç
–ù–µ—Ç
–ù–µ—Ç",9 months ago,–î–µ–¥ –ú–∞–∫—Å–∏–º,UC4Ld18HDuu5M7yLRd6RQt7g,1,https://yt3.ggpht.com/ytc/AKedOLT3RC3xW0UbgaA53NBHbSJkW7pqnWPWzYCxWOZv7Q=s176-c-k-c0x00ffffff-no-rj,0.0
Ugwld483Wo9iGm9aXit4AaABAg.9MlyNrmkn8B9Q9UBIA5cbH,"except the meeting was set for 6 and you don't know if they're still there, waiting for you.",5 months ago,Catz1987,UCnY4moGzJ33jjUMyxfI53ew,1,https://yt3.ggpht.com/ytc/AKedOLRTP3yQOoCknMX5BJzB-ueoUqfKYZqiI-KZ-A=s176-c-k-c0x00ffffff-no-rj,0.0
Ugwld483Wo9iGm9aXit4AaABAg.9MlyNrmkn8B9REEQgZcVC_,Very blade runner too,4 months ago,Pedro Oscar,UC-IgoNC_MyVpUz2N6zniF6A,0,https://yt3.ggpht.com/ytc/AKedOLTZ0zh39YWnm9kn6z8fGOZLpxcUwChTxqU7wg=s176-c-k-c0x00ffffff-no-rj,0.0
Ugwld483Wo9iGm9aXit4AaABAg.9MlyNrmkn8B9RX2KTlJAJD,Yes,4 months ago,Hats,UCAHbQRyluWtRWqt6C9xak1g,0,https://yt3.ggpht.com/ytc/AKedOLRzbBPXtGLGdwD7sarjGCjnYxj0NyEd9-mhLB5YSw=s176-c-k-c0x00ffffff-no-rj,0.0
UgzJvpdt1SO8RHDtBDV4AaABAg,+1,9 months ago,Moh Skinner,UCl_fD5O6QmV8GzJWmQw_mzw,0,https://yt3.ggpht.com/zHCUHIr0bw-80oE8cGbcfE4zrB-E1iLMnC9D1YG7-btObpqtXw6pS6JPt6FmrFa_5ZkGUcXZBQ=s176-c-k-c0x00ffffff-no-rj,0.0
Ugy5FDvQyCbs8auXdv94AaABAg,Dubstep mix NOW,9 months ago,juanvidal100,UC_1ahfRGHrFHPKgAcqP8zAQ,0,https://yt3.ggpht.com/ytc/AKedOLT87L-Q57PECVsVe3uvUjW2e1qCIivfXvviPloy=s176-c-k-c0x00ffffff-no-rj,0.0
UgyxH3QSaSYeYWDtTAx4AaABAg,E,9 months ago,YEET,UCZx_bllZ3r6TAviI6OabuiA,0,https://yt3.ggpht.com/0DMZUphTa42Cs08JnhYTNdiSl-TjdrNvRKHgYxwTCA2zYnu4iQoI2hFbNWKkXrTKZO69M4sCDQ=s176-c-k-c0x00ffffff-no-rj,0.0
UgwgpPDLRmDhD82vKll4AaABAg,This song made time travel possible,9 months ago,Karbs,UCfycg5z9VfhqhwicfcP3WmA,0,https://yt3.ggpht.com/RXkaLN9mKac8HNVD4njCHdpKpdY92GLccrsQH7ObJxHYPld5FkHcaiNK3zCKe5MYh8lFjuPcjg=s176-c-k-c0x00ffffff-no-rj,0.0
UgzU3FirA23tRA1cEbR4AaABAg,"‚ÄúYou gotta go.
Way I cried..
And take in all the tears,
I want to see if you can try.‚Äù",9 months ago,Tiadiad,UC2QahML9pqFv5CChEtWdvDQ,0,https://yt3.ggpht.com/SHxf-V8m_TXQBJV4U95CQXgHLHn9-vMmL6xos5kEaPrTQ2ZeZwivM9-qm7fRtDV3k5l7alCh=s176-c-k-c0x00ffffff-no-rj,0.0
UgzYkKRaisx7tFQERNZ4AaABAg,"This is my current favorite song, found it randomly on spotify. Kinda surprised it has only tis many views üò≥üò¨love the song ‚ù§Ô∏è",10 months ago,Tyrion Shelby,UCsMQvpZUJ5CaMAJ4RREbKlg,0,https://yt3.ggpht.com/ytc/AKedOLQFYEaDGvmajunutNsC20ribcGOIFMpdWrnEA=s176-c-k-c0x00ffffff-no-rj,0.0
Ugwjxb6MC4LhBoqMzhx4AaABAg,The song is about grief,10 months ago,Mary Bennett,UCz8s2n3Ozh-SQQ3qBiijnnQ,0,https://yt3.ggpht.com/ytc/AKedOLTMoV6hjmPhqV3v2J1eW9cVAqxtwUaj7YJw0w=s176-c-k-c0x00ffffff-no-rj,0.0
UgxYi7BP7gRzd5eX1DB4AaABAg,Why I'm thinking of planets and aliens whenever I here this song?,10 months ago,Amal Krishnan,UCqp4aJych9Z3zbp1XaOvJoQ,0,https://yt3.ggpht.com/ytc/AKedOLQF6Avl1QRYvtZ1SKawwdYnidCOlQ4t8Hd0Pw=s176-c-k-c0x00ffffff-no-rj,0.0
UgxN9_FyQEL8msOgHtR4AaABAg,"C‚Äôest juste magnifique, mon groupe favoris avec fauve ils sont juste sublimes et incroyables, c‚Äôest √©motif, voyageant, m√©lancolique, on se sent transport√©s, vol√©s on oublie et on est ailleurs, la souffrance est transform√©e en un sentiment immense et intense c‚Äôest gr√¢ce √† eux que j‚Äôarrive √† vivre m√™me quand √ßa ne pas si bien, leurs musiques me redonnent l‚Äôimpression d‚Äô√™tre moi, ils me font quelque chose c‚Äôest si fou et bonüñ§üñ§üñ§",10 months ago,Lysa Lemoine,UCydhGKSb-MB2BrvJfR0tnQw,2,https://yt3.ggpht.com/ytc/AKedOLTnDQobKISI26vhvjE48RlSF5LQoI9ZqPDBlw=s176-c-k-c0x00ffffff-no-rj,0.0
Ugx9_rNBiPpbIalw_Ip4AaABAg,leon e nilce,10 months ago,Samuel Lopes,UCv0k8imKdz005qq0xQbamIw,1,https://yt3.ggpht.com/ytc/AKedOLRgVWjMYoXzUg6rT6CHcadS0Fbj5pe3-SZ14g=s176-c-k-c0x00ffffff-no-rj,0.0
UgzdkUeVGCUL_WtgPoZ4AaABAg,keep it up,11 months ago,Bujaboy,UC5fjjmOMAxZXfDe7URgqcIw,0,https://yt3.ggpht.com/ytc/AKedOLRQLMXEv4tPiEraDqYeZx5CmwFIuh9AexBLUk2pIg=s176-c-k-c0x00ffffff-no-rj,0.0
UgyEVqB1WQVr1dizf_94AaABAg,live it!,11 months ago,Bujaboy,UC5fjjmOMAxZXfDe7URgqcIw,0,https://yt3.ggpht.com/ytc/AKedOLRQLMXEv4tPiEraDqYeZx5CmwFIuh9AexBLUk2pIg=s176-c-k-c0x00ffffff-no-rj,0.0
UgwgJRlVBv2sEKk-n6B4AaABAg,ALLAN AND CHRISTINA üíô EACH OTHER,11 months ago,ParadoxFossils,UCAVhkOMjozrcKgfqP5popsQ,1,https://yt3.ggpht.com/4yrEcvlFMdqO16wrNKK9hw9lmZ1XokhBr-MDmGMnWHNPtnfIysbV-INbFZMgdxHxd9taNrY0-w=s176-c-k-c0x00ffffff-no-rj,0.0
